<?xml version="1.0" encoding="UTF-8" standalone="yes"?>
<addon id="plugin.video.france.tv" name="france.tv" version="0.0.5" provider-name="Kaspar Winckler">
  <requires>
    <import addon="script.module.plugin_zen" />
    <import addon="script.module.requests" />
  </requires>
  <extension point="xbmc.python.pluginsource" library="plugin.py">
    <provides>video</provides>
  </extension>
  <extension point="xbmc.addon.metadata">
    <summary>france.tv</summary>
    <description>france.tv</description>
    <license>GPLv3</license>
    <assets>
        <icon>resources/icon.png</icon>
    </assets>
  </extension>
</addon>
